--
-- PostgreSQL database dump
--

-- Dumped from database version 11.2 (Ubuntu 11.2-1.pgdg18.04+1)
-- Dumped by pg_dump version 11.2 (Ubuntu 11.2-1.pgdg18.04+1)

SET statement_timeout = 0;
SET lock_timeout = 0;
SET client_encoding = 'UTF8';
SET standard_conforming_strings = on;
SELECT pg_catalog.set_config('search_path', '', false);
SET check_function_bodies = false;
SET client_min_messages = warning;

ALTER TABLE IF EXISTS ONLY public.history_trades DROP CONSTRAINT IF EXISTS history_trades_counter_asset_id_fkey;
ALTER TABLE IF EXISTS ONLY public.history_trades DROP CONSTRAINT IF EXISTS history_trades_counter_account_id_fkey;
ALTER TABLE IF EXISTS ONLY public.history_trades DROP CONSTRAINT IF EXISTS history_trades_base_asset_id_fkey;
ALTER TABLE IF EXISTS ONLY public.history_trades DROP CONSTRAINT IF EXISTS history_trades_base_account_id_fkey;
ALTER TABLE IF EXISTS ONLY public.asset_stats DROP CONSTRAINT IF EXISTS asset_stats_id_fkey;
DROP INDEX IF EXISTS public.trade_effects_by_order_book;
DROP INDEX IF EXISTS public.index_history_transactions_on_id;
DROP INDEX IF EXISTS public.index_history_operations_on_type;
DROP INDEX IF EXISTS public.index_history_operations_on_transaction_id;
DROP INDEX IF EXISTS public.index_history_operations_on_id;
DROP INDEX IF EXISTS public.index_history_ledgers_on_sequence;
DROP INDEX IF EXISTS public.index_history_ledgers_on_previous_ledger_hash;
DROP INDEX IF EXISTS public.index_history_ledgers_on_ledger_hash;
DROP INDEX IF EXISTS public.index_history_ledgers_on_importer_version;
DROP INDEX IF EXISTS public.index_history_ledgers_on_id;
DROP INDEX IF EXISTS public.index_history_ledgers_on_closed_at;
DROP INDEX IF EXISTS public.index_history_effects_on_type;
DROP INDEX IF EXISTS public.index_history_accounts_on_id;
DROP INDEX IF EXISTS public.index_history_accounts_on_address;
DROP INDEX IF EXISTS public.htrd_time_lookup;
DROP INDEX IF EXISTS public.htrd_pid;
DROP INDEX IF EXISTS public.htrd_pair_time_lookup;
DROP INDEX IF EXISTS public.htrd_counter_lookup;
DROP INDEX IF EXISTS public.htrd_by_offer;
DROP INDEX IF EXISTS public.htrd_by_counter_offer;
DROP INDEX IF EXISTS public.htrd_by_counter_account;
DROP INDEX IF EXISTS public.htrd_by_base_offer;
DROP INDEX IF EXISTS public.htrd_by_base_account;
DROP INDEX IF EXISTS public.htp_by_htid;
DROP INDEX IF EXISTS public.hs_transaction_by_id;
DROP INDEX IF EXISTS public.hs_ledger_by_id;
DROP INDEX IF EXISTS public.hop_by_hoid;
DROP INDEX IF EXISTS public.hist_tx_p_id;
DROP INDEX IF EXISTS public.hist_op_p_id;
DROP INDEX IF EXISTS public.hist_e_id;
DROP INDEX IF EXISTS public.hist_e_by_order;
DROP INDEX IF EXISTS public.by_ledger;
DROP INDEX IF EXISTS public.by_hash;
DROP INDEX IF EXISTS public.by_account;
DROP INDEX IF EXISTS public.asset_by_issuer;
DROP INDEX IF EXISTS public.asset_by_code;
ALTER TABLE IF EXISTS ONLY public.history_transaction_participants DROP CONSTRAINT IF EXISTS history_transaction_participants_pkey;
ALTER TABLE IF EXISTS ONLY public.history_operation_participants DROP CONSTRAINT IF EXISTS history_operation_participants_pkey;
ALTER TABLE IF EXISTS ONLY public.history_assets DROP CONSTRAINT IF EXISTS history_assets_pkey;
ALTER TABLE IF EXISTS ONLY public.history_assets DROP CONSTRAINT IF EXISTS history_assets_asset_code_asset_type_asset_issuer_key;
ALTER TABLE IF EXISTS ONLY public.gorp_migrations DROP CONSTRAINT IF EXISTS gorp_migrations_pkey;
ALTER TABLE IF EXISTS ONLY public.asset_stats DROP CONSTRAINT IF EXISTS asset_stats_pkey;
ALTER TABLE IF EXISTS public.history_transaction_participants ALTER COLUMN id DROP DEFAULT;
ALTER TABLE IF EXISTS public.history_operation_participants ALTER COLUMN id DROP DEFAULT;
ALTER TABLE IF EXISTS public.history_assets ALTER COLUMN id DROP DEFAULT;
DROP TABLE IF EXISTS public.history_transactions;
DROP SEQUENCE IF EXISTS public.history_transaction_participants_id_seq;
DROP TABLE IF EXISTS public.history_transaction_participants;
DROP TABLE IF EXISTS public.history_trades;
DROP TABLE IF EXISTS public.history_operations;
DROP SEQUENCE IF EXISTS public.history_operation_participants_id_seq;
DROP TABLE IF EXISTS public.history_operation_participants;
DROP TABLE IF EXISTS public.history_ledgers;
DROP TABLE IF EXISTS public.history_effects;
DROP SEQUENCE IF EXISTS public.history_assets_id_seq;
DROP TABLE IF EXISTS public.history_assets;
DROP TABLE IF EXISTS public.history_accounts;
DROP SEQUENCE IF EXISTS public.history_accounts_id_seq;
DROP TABLE IF EXISTS public.gorp_migrations;
DROP TABLE IF EXISTS public.asset_stats;
DROP AGGREGATE IF EXISTS public.min_price(numeric[]);
DROP AGGREGATE IF EXISTS public.max_price(numeric[]);
DROP AGGREGATE IF EXISTS public.last(anyelement);
DROP AGGREGATE IF EXISTS public.first(anyelement);
DROP FUNCTION IF EXISTS public.min_price_agg(numeric[], numeric[]);
DROP FUNCTION IF EXISTS public.max_price_agg(numeric[], numeric[]);
DROP FUNCTION IF EXISTS public.last_agg(anyelement, anyelement);
DROP FUNCTION IF EXISTS public.first_agg(anyelement, anyelement);
--
-- Name: first_agg(anyelement, anyelement); Type: FUNCTION; Schema: public; Owner: -
--

CREATE FUNCTION public.first_agg(anyelement, anyelement) RETURNS anyelement
    LANGUAGE sql IMMUTABLE STRICT
    AS $_$ SELECT $1 $_$;


--
-- Name: last_agg(anyelement, anyelement); Type: FUNCTION; Schema: public; Owner: -
--

CREATE FUNCTION public.last_agg(anyelement, anyelement) RETURNS anyelement
    LANGUAGE sql IMMUTABLE STRICT
    AS $_$ SELECT $2 $_$;


--
-- Name: max_price_agg(numeric[], numeric[]); Type: FUNCTION; Schema: public; Owner: -
--

CREATE FUNCTION public.max_price_agg(numeric[], numeric[]) RETURNS numeric[]
    LANGUAGE sql IMMUTABLE STRICT
    AS $_$ SELECT (
  CASE WHEN $1[1]/$1[2]>$2[1]/$2[2] THEN $1 ELSE $2 END) $_$;


--
-- Name: min_price_agg(numeric[], numeric[]); Type: FUNCTION; Schema: public; Owner: -
--

CREATE FUNCTION public.min_price_agg(numeric[], numeric[]) RETURNS numeric[]
    LANGUAGE sql IMMUTABLE STRICT
    AS $_$ SELECT (
  CASE WHEN $1[1]/$1[2]<$2[1]/$2[2] THEN $1 ELSE $2 END) $_$;


--
-- Name: first(anyelement); Type: AGGREGATE; Schema: public; Owner: -
--

CREATE AGGREGATE public.first(anyelement) (
    SFUNC = public.first_agg,
    STYPE = anyelement
);


--
-- Name: last(anyelement); Type: AGGREGATE; Schema: public; Owner: -
--

CREATE AGGREGATE public.last(anyelement) (
    SFUNC = public.last_agg,
    STYPE = anyelement
);


--
-- Name: max_price(numeric[]); Type: AGGREGATE; Schema: public; Owner: -
--

CREATE AGGREGATE public.max_price(numeric[]) (
    SFUNC = public.max_price_agg,
    STYPE = numeric[]
);


--
-- Name: min_price(numeric[]); Type: AGGREGATE; Schema: public; Owner: -
--

CREATE AGGREGATE public.min_price(numeric[]) (
    SFUNC = public.min_price_agg,
    STYPE = numeric[]
);


SET default_tablespace = '';

SET default_with_oids = false;

--
-- Name: asset_stats; Type: TABLE; Schema: public; Owner: -
--

CREATE TABLE public.asset_stats (
    id bigint NOT NULL,
    amount character varying NOT NULL,
    num_accounts integer NOT NULL,
    flags smallint NOT NULL,
    toml character varying(255) NOT NULL
);


--
-- Name: gorp_migrations; Type: TABLE; Schema: public; Owner: -
--

CREATE TABLE public.gorp_migrations (
    id text NOT NULL,
    applied_at timestamp with time zone
);


--
-- Name: history_accounts_id_seq; Type: SEQUENCE; Schema: public; Owner: -
--

CREATE SEQUENCE public.history_accounts_id_seq
    START WITH 1
    INCREMENT BY 1
    NO MINVALUE
    NO MAXVALUE
    CACHE 1;


--
-- Name: history_accounts; Type: TABLE; Schema: public; Owner: -
--

CREATE TABLE public.history_accounts (
    id bigint DEFAULT nextval('public.history_accounts_id_seq'::regclass) NOT NULL,
    address character varying(64)
);


--
-- Name: history_assets; Type: TABLE; Schema: public; Owner: -
--

CREATE TABLE public.history_assets (
    id integer NOT NULL,
    asset_type character varying(64) NOT NULL,
    asset_code character varying(12) NOT NULL,
    asset_issuer character varying(56) NOT NULL
);


--
-- Name: history_assets_id_seq; Type: SEQUENCE; Schema: public; Owner: -
--

CREATE SEQUENCE public.history_assets_id_seq
    START WITH 1
    INCREMENT BY 1
    NO MINVALUE
    NO MAXVALUE
    CACHE 1;


--
-- Name: history_assets_id_seq; Type: SEQUENCE OWNED BY; Schema: public; Owner: -
--

ALTER SEQUENCE public.history_assets_id_seq OWNED BY public.history_assets.id;


--
-- Name: history_effects; Type: TABLE; Schema: public; Owner: -
--

CREATE TABLE public.history_effects (
    history_account_id bigint NOT NULL,
    history_operation_id bigint NOT NULL,
    "order" integer NOT NULL,
    type integer NOT NULL,
    details jsonb
);


--
-- Name: history_ledgers; Type: TABLE; Schema: public; Owner: -
--

CREATE TABLE public.history_ledgers (
    sequence integer NOT NULL,
    ledger_hash character varying(64) NOT NULL,
    previous_ledger_hash character varying(64),
    transaction_count integer DEFAULT 0 NOT NULL,
    operation_count integer DEFAULT 0 NOT NULL,
    closed_at timestamp without time zone NOT NULL,
    created_at timestamp without time zone,
    updated_at timestamp without time zone,
    id bigint,
    importer_version integer DEFAULT 1 NOT NULL,
    total_coins bigint NOT NULL,
    fee_pool bigint NOT NULL,
    base_fee integer NOT NULL,
    base_reserve integer NOT NULL,
    max_tx_set_size integer NOT NULL,
    protocol_version integer DEFAULT 0 NOT NULL,
    ledger_header text,
    successful_transaction_count integer,
    failed_transaction_count integer
);


--
-- Name: history_operation_participants; Type: TABLE; Schema: public; Owner: -
--

CREATE TABLE public.history_operation_participants (
    id integer NOT NULL,
    history_operation_id bigint NOT NULL,
    history_account_id bigint NOT NULL
);


--
-- Name: history_operation_participants_id_seq; Type: SEQUENCE; Schema: public; Owner: -
--

CREATE SEQUENCE public.history_operation_participants_id_seq
    START WITH 1
    INCREMENT BY 1
    NO MINVALUE
    NO MAXVALUE
    CACHE 1;


--
-- Name: history_operation_participants_id_seq; Type: SEQUENCE OWNED BY; Schema: public; Owner: -
--

ALTER SEQUENCE public.history_operation_participants_id_seq OWNED BY public.history_operation_participants.id;


--
-- Name: history_operations; Type: TABLE; Schema: public; Owner: -
--

CREATE TABLE public.history_operations (
    id bigint NOT NULL,
    transaction_id bigint NOT NULL,
    application_order integer NOT NULL,
    type integer NOT NULL,
    details jsonb,
    source_account character varying(64) DEFAULT ''::character varying NOT NULL
);


--
-- Name: history_trades; Type: TABLE; Schema: public; Owner: -
--

CREATE TABLE public.history_trades (
    history_operation_id bigint NOT NULL,
    "order" integer NOT NULL,
    ledger_closed_at timestamp without time zone NOT NULL,
    offer_id bigint NOT NULL,
    base_account_id bigint NOT NULL,
    base_asset_id bigint NOT NULL,
    base_amount bigint NOT NULL,
    counter_account_id bigint NOT NULL,
    counter_asset_id bigint NOT NULL,
    counter_amount bigint NOT NULL,
    base_is_seller boolean,
    price_n bigint,
    price_d bigint,
    base_offer_id bigint,
    counter_offer_id bigint,
    CONSTRAINT history_trades_base_amount_check CHECK ((base_amount > 0)),
    CONSTRAINT history_trades_check CHECK ((base_asset_id < counter_asset_id)),
    CONSTRAINT history_trades_counter_amount_check CHECK ((counter_amount > 0))
);


--
-- Name: history_transaction_participants; Type: TABLE; Schema: public; Owner: -
--

CREATE TABLE public.history_transaction_participants (
    id integer NOT NULL,
    history_transaction_id bigint NOT NULL,
    history_account_id bigint NOT NULL
);


--
-- Name: history_transaction_participants_id_seq; Type: SEQUENCE; Schema: public; Owner: -
--

CREATE SEQUENCE public.history_transaction_participants_id_seq
    START WITH 1
    INCREMENT BY 1
    NO MINVALUE
    NO MAXVALUE
    CACHE 1;


--
-- Name: history_transaction_participants_id_seq; Type: SEQUENCE OWNED BY; Schema: public; Owner: -
--

ALTER SEQUENCE public.history_transaction_participants_id_seq OWNED BY public.history_transaction_participants.id;


--
-- Name: history_transactions; Type: TABLE; Schema: public; Owner: -
--

CREATE TABLE public.history_transactions (
    transaction_hash character varying(64) NOT NULL,
    ledger_sequence integer NOT NULL,
    application_order integer NOT NULL,
    account character varying(64) NOT NULL,
    account_sequence bigint NOT NULL,
    fee_paid integer NOT NULL,
    operation_count integer NOT NULL,
    created_at timestamp without time zone,
    updated_at timestamp without time zone,
    id bigint,
    tx_envelope text NOT NULL,
    tx_result text NOT NULL,
    tx_meta text NOT NULL,
    tx_fee_meta text NOT NULL,
    signatures character varying(96)[] DEFAULT '{}'::character varying[] NOT NULL,
    memo_type character varying DEFAULT 'none'::character varying NOT NULL,
    memo character varying,
    time_bounds int8range
);


--
-- Name: history_assets id; Type: DEFAULT; Schema: public; Owner: -
--

ALTER TABLE ONLY public.history_assets ALTER COLUMN id SET DEFAULT nextval('public.history_assets_id_seq'::regclass);


--
-- Name: history_operation_participants id; Type: DEFAULT; Schema: public; Owner: -
--

ALTER TABLE ONLY public.history_operation_participants ALTER COLUMN id SET DEFAULT nextval('public.history_operation_participants_id_seq'::regclass);


--
-- Name: history_transaction_participants id; Type: DEFAULT; Schema: public; Owner: -
--

ALTER TABLE ONLY public.history_transaction_participants ALTER COLUMN id SET DEFAULT nextval('public.history_transaction_participants_id_seq'::regclass);


--
-- Data for Name: asset_stats; Type: TABLE DATA; Schema: public; Owner: -
--



--
-- Data for Name: gorp_migrations; Type: TABLE DATA; Schema: public; Owner: -
--

INSERT INTO public.gorp_migrations VALUES ('1_initial_schema.sql', '2019-01-31 19:27:26.713477+02');
INSERT INTO public.gorp_migrations VALUES ('2_index_participants_by_toid.sql', '2019-01-31 19:27:26.726446+02');
INSERT INTO public.gorp_migrations VALUES ('3_use_sequence_in_history_accounts.sql', '2019-01-31 19:27:26.730946+02');
INSERT INTO public.gorp_migrations VALUES ('4_add_protocol_version.sql', '2019-01-31 19:27:26.741471+02');
INSERT INTO public.gorp_migrations VALUES ('5_create_trades_table.sql', '2019-01-31 19:27:26.755266+02');
INSERT INTO public.gorp_migrations VALUES ('6_create_assets_table.sql', '2019-01-31 19:27:26.761602+02');
INSERT INTO public.gorp_migrations VALUES ('7_modify_trades_table.sql', '2019-01-31 19:27:26.775197+02');
INSERT INTO public.gorp_migrations VALUES ('8_create_asset_stats_table.sql', '2019-01-31 19:27:26.782053+02');
INSERT INTO public.gorp_migrations VALUES ('8_add_aggregators.sql', '2019-01-31 19:27:26.784662+02');
INSERT INTO public.gorp_migrations VALUES ('9_add_header_xdr.sql', '2019-01-31 19:27:26.787483+02');
INSERT INTO public.gorp_migrations VALUES ('10_add_trades_price.sql', '2019-01-31 19:27:26.790524+02');
INSERT INTO public.gorp_migrations VALUES ('11_add_trades_account_index.sql', '2019-01-31 19:27:26.795202+02');
INSERT INTO public.gorp_migrations VALUES ('12_asset_stats_amount_string.sql', '2019-01-31 19:27:26.801587+02');
INSERT INTO public.gorp_migrations VALUES ('13_trade_offer_ids.sql', '2019-01-31 19:27:26.809634+02');
INSERT INTO public.gorp_migrations VALUES ('14_fix_asset_toml_field.sql', '2019-01-31 19:27:26.811268+02');
INSERT INTO public.gorp_migrations VALUES ('15_ledger_failed_txs.sql', '2019-01-31 19:27:26.81283+02');


--
-- Data for Name: history_accounts; Type: TABLE DATA; Schema: public; Owner: -
--

INSERT INTO public.history_accounts VALUES (1, 'GBXGQJWVLWOYHFLVTKWV5FGHA3LNYY2JQKM7OAJAUEQFU6LPCSEFVXON');
INSERT INTO public.history_accounts VALUES (2, 'GCXKG6RN4ONIEPCMNFB732A436Z5PNDSRLGWK7GBLCMQLIFO4S7EYWVU');
INSERT INTO public.history_accounts VALUES (3, 'GBRPYHIL2CI3FNQ4BXLFMNDLFJUNPU2HY3ZMFSHONUCEOASW7QC7OX2H');
INSERT INTO public.history_accounts VALUES (4, 'GA5WBPYA5Y4WAEHXWR2UKO2UO4BUGHUQ74EUPKON2QHV4WRHOIRNKKH2');


--
-- Data for Name: history_assets; Type: TABLE DATA; Schema: public; Owner: -
--



--
-- Data for Name: history_effects; Type: TABLE DATA; Schema: public; Owner: -
--

INSERT INTO public.history_effects VALUES (1, 12884905985, 1, 2, '{"amount": "500.00000", "asset_type": "native"}');
INSERT INTO public.history_effects VALUES (2, 12884905985, 2, 3, '{"amount": "500.00000", "asset_type": "native"}');
INSERT INTO public.history_effects VALUES (2, 12884910081, 1, 12, '{"weight": 1, "public_key": "GCXKG6RN4ONIEPCMNFB732A436Z5PNDSRLGWK7GBLCMQLIFO4S7EYWVU"}');
INSERT INTO public.history_effects VALUES (2, 12884910081, 2, 10, '{"weight": 1, "public_key": "GBXGQJWVLWOYHFLVTKWV5FGHA3LNYY2JQKM7OAJAUEQFU6LPCSEFVXON"}');
INSERT INTO public.history_effects VALUES (2, 8589938689, 1, 0, '{"starting_balance": "10000.00000"}');
INSERT INTO public.history_effects VALUES (3, 8589938689, 2, 3, '{"amount": "10000.00000", "asset_type": "native"}');
INSERT INTO public.history_effects VALUES (2, 8589938689, 3, 10, '{"weight": 1, "public_key": "GCXKG6RN4ONIEPCMNFB732A436Z5PNDSRLGWK7GBLCMQLIFO4S7EYWVU"}');
INSERT INTO public.history_effects VALUES (4, 8589942785, 1, 0, '{"starting_balance": "10000.00000"}');
INSERT INTO public.history_effects VALUES (3, 8589942785, 2, 3, '{"amount": "10000.00000", "asset_type": "native"}');
INSERT INTO public.history_effects VALUES (4, 8589942785, 3, 10, '{"weight": 1, "public_key": "GA5WBPYA5Y4WAEHXWR2UKO2UO4BUGHUQ74EUPKON2QHV4WRHOIRNKKH2"}');
INSERT INTO public.history_effects VALUES (1, 8589946881, 1, 0, '{"starting_balance": "10000.00000"}');
INSERT INTO public.history_effects VALUES (3, 8589946881, 2, 3, '{"amount": "10000.00000", "asset_type": "native"}');
INSERT INTO public.history_effects VALUES (1, 8589946881, 3, 10, '{"weight": 1, "public_key": "GBXGQJWVLWOYHFLVTKWV5FGHA3LNYY2JQKM7OAJAUEQFU6LPCSEFVXON"}');


--
-- Data for Name: history_ledgers; Type: TABLE DATA; Schema: public; Owner: -
--

INSERT INTO public.history_ledgers VALUES (3, '4a65ef67c27dbce7e25f318784ffd1065a3f313408da5c9c5581fc4f870ca535', '405cf9e41437a573d9b7bd644358f3ec67258797aef43c75eb899bee7df094fc', 2, 2, '2019-04-18 08:37:49', '2019-04-18 08:37:51.769712', '2019-04-18 08:37:51.769735', 12884901888, 15, 1000000000000000000, 500, 100, 100000000, 10000, 9, 'AAAACUBc+eQUN6Vz2be9ZENY8+xnJYeXrvQ8deuJm+598JT81tM709Wa2KRmVZ8p1ftga3ChmzkWuTWmvwexQY8JZA0AAAAAXLg3XQAAAAAAAAAAOYt4EqXudPsG8/gJd45khbE5Xxlu2oQY2rtNK7QAYenyCgSItUvDAaEaJuzZAbwrMBaRXPWVMEbbsawUUhX7PQAAAAMN4Lazp2QAAAAAAAAAAAH0AAAAAAAAAAAAAAAAAAAAZAX14QAAACcQAAAAAAAAAAAAAAAAAAAAAAAAAAAAAAAAAAAAAAAAAAAAAAAAAAAAAAAAAAAAAAAAAAAAAAAAAAAAAAAAAAAAAAAAAAAAAAAAAAAAAAAAAAAAAAAAAAAAAAAAAAAAAAAAAAAAAAAAAAAAAAAAAAAAAAAAAAAAAAAAAAAAAAAAAAAAAAAA', 2, 0);
INSERT INTO public.history_ledgers VALUES (2, '405cf9e41437a573d9b7bd644358f3ec67258797aef43c75eb899bee7df094fc', '63d98f536ee68d1b27b5b89f23af5311b7569a24faf1403ad0b52b633b07be99', 3, 3, '2019-04-18 08:37:48', '2019-04-18 08:37:51.789819', '2019-04-18 08:37:51.789834', 8589934592, 15, 1000000000000000000, 300, 100, 100000000, 10000, 9, 'AAAACWPZj1Nu5o0bJ7W4nyOvUxG3Vpok+vFAOtC1K2M7B76ZlmEdOpVCM5HLr9FNj55qa6w2HKMtqTPFLvG8yPU/aAoAAAAAXLg3XAAAAAIAAAAIAAAAAQAAAAkAAAAIAAAAAwAAJxAAAAAARUAVxJm1lDMwwqujKcyQzs97F/AETiCgQPrw63wqaPGOtj0VqejCRGn8A4KwJni7nqeau/0Ehh/Gk8yEDm7nHgAAAAIN4Lazp2QAAAAAAAAAAAEsAAAAAAAAAAAAAAAAAAAAZAX14QAAACcQAAAAAAAAAAAAAAAAAAAAAAAAAAAAAAAAAAAAAAAAAAAAAAAAAAAAAAAAAAAAAAAAAAAAAAAAAAAAAAAAAAAAAAAAAAAAAAAAAAAAAAAAAAAAAAAAAAAAAAAAAAAAAAAAAAAAAAAAAAAAAAAAAAAAAAAAAAAAAAAAAAAAAAAAAAAAAAAA', 3, 0);
INSERT INTO public.history_ledgers VALUES (1, '63d98f536ee68d1b27b5b89f23af5311b7569a24faf1403ad0b52b633b07be99', NULL, 0, 0, '1970-01-01 00:00:00', '2019-04-18 08:37:51.802631', '2019-04-18 08:37:51.802647', 4294967296, 15, 1000000000000000000, 0, 100, 100000000, 100, 0, 'AAAAAAAAAAAAAAAAAAAAAAAAAAAAAAAAAAAAAAAAAAAAAAAAAAAAAAAAAAAAAAAAAAAAAAAAAAAAAAAAAAAAAAAAAAAAAAAAAAAAAAAAAAAAAAAAAAAAAAAAAAAAAAAAAAAAAAAAAAAAAAAAAAAAAAAAAABXKi4y/ySKB7DnD9H20xjB+s0gtswIwz1XdSWYaBJaFgAAAAEN4Lazp2QAAAAAAAAAAAAAAAAAAAAAAAAAAAAAAAAAZAX14QAAAABkAAAAAAAAAAAAAAAAAAAAAAAAAAAAAAAAAAAAAAAAAAAAAAAAAAAAAAAAAAAAAAAAAAAAAAAAAAAAAAAAAAAAAAAAAAAAAAAAAAAAAAAAAAAAAAAAAAAAAAAAAAAAAAAAAAAAAAAAAAAAAAAAAAAAAAAAAAAAAAAAAAAAAAAAAAAAAAAA', 0, 0);


--
-- Data for Name: history_operation_participants; Type: TABLE DATA; Schema: public; Owner: -
--

INSERT INTO public.history_operation_participants VALUES (1, 12884905985, 2);
INSERT INTO public.history_operation_participants VALUES (2, 12884905985, 1);
INSERT INTO public.history_operation_participants VALUES (3, 12884910081, 2);
INSERT INTO public.history_operation_participants VALUES (4, 8589938689, 2);
INSERT INTO public.history_operation_participants VALUES (5, 8589938689, 3);
INSERT INTO public.history_operation_participants VALUES (6, 8589942785, 3);
INSERT INTO public.history_operation_participants VALUES (7, 8589942785, 4);
INSERT INTO public.history_operation_participants VALUES (8, 8589946881, 3);
INSERT INTO public.history_operation_participants VALUES (9, 8589946881, 1);


--
-- Data for Name: history_operations; Type: TABLE DATA; Schema: public; Owner: -
--

INSERT INTO public.history_operations VALUES (12884905985, 12884905984, 1, 1, '{"to": "GBXGQJWVLWOYHFLVTKWV5FGHA3LNYY2JQKM7OAJAUEQFU6LPCSEFVXON", "from": "GCXKG6RN4ONIEPCMNFB732A436Z5PNDSRLGWK7GBLCMQLIFO4S7EYWVU", "amount": "500.00000", "asset_type": "native"}', 'GCXKG6RN4ONIEPCMNFB732A436Z5PNDSRLGWK7GBLCMQLIFO4S7EYWVU');
INSERT INTO public.history_operations VALUES (12884910081, 12884910080, 1, 5, '{"signer_key": "GBXGQJWVLWOYHFLVTKWV5FGHA3LNYY2JQKM7OAJAUEQFU6LPCSEFVXON", "signer_weight": 1}', 'GCXKG6RN4ONIEPCMNFB732A436Z5PNDSRLGWK7GBLCMQLIFO4S7EYWVU');
INSERT INTO public.history_operations VALUES (8589938689, 8589938688, 1, 0, '{"funder": "GBRPYHIL2CI3FNQ4BXLFMNDLFJUNPU2HY3ZMFSHONUCEOASW7QC7OX2H", "account": "GCXKG6RN4ONIEPCMNFB732A436Z5PNDSRLGWK7GBLCMQLIFO4S7EYWVU", "starting_balance": "10000.00000"}', 'GBRPYHIL2CI3FNQ4BXLFMNDLFJUNPU2HY3ZMFSHONUCEOASW7QC7OX2H');
INSERT INTO public.history_operations VALUES (8589942785, 8589942784, 1, 0, '{"funder": "GBRPYHIL2CI3FNQ4BXLFMNDLFJUNPU2HY3ZMFSHONUCEOASW7QC7OX2H", "account": "GA5WBPYA5Y4WAEHXWR2UKO2UO4BUGHUQ74EUPKON2QHV4WRHOIRNKKH2", "starting_balance": "10000.00000"}', 'GBRPYHIL2CI3FNQ4BXLFMNDLFJUNPU2HY3ZMFSHONUCEOASW7QC7OX2H');
INSERT INTO public.history_operations VALUES (8589946881, 8589946880, 1, 0, '{"funder": "GBRPYHIL2CI3FNQ4BXLFMNDLFJUNPU2HY3ZMFSHONUCEOASW7QC7OX2H", "account": "GBXGQJWVLWOYHFLVTKWV5FGHA3LNYY2JQKM7OAJAUEQFU6LPCSEFVXON", "starting_balance": "10000.00000"}', 'GBRPYHIL2CI3FNQ4BXLFMNDLFJUNPU2HY3ZMFSHONUCEOASW7QC7OX2H');


--
-- Data for Name: history_trades; Type: TABLE DATA; Schema: public; Owner: -
--



--
-- Data for Name: history_transaction_participants; Type: TABLE DATA; Schema: public; Owner: -
--

INSERT INTO public.history_transaction_participants VALUES (1, 12884905984, 2);
INSERT INTO public.history_transaction_participants VALUES (2, 12884905984, 1);
INSERT INTO public.history_transaction_participants VALUES (3, 12884910080, 2);
INSERT INTO public.history_transaction_participants VALUES (4, 8589938688, 3);
INSERT INTO public.history_transaction_participants VALUES (5, 8589938688, 2);
INSERT INTO public.history_transaction_participants VALUES (6, 8589942784, 3);
INSERT INTO public.history_transaction_participants VALUES (7, 8589942784, 4);
INSERT INTO public.history_transaction_participants VALUES (8, 8589946880, 3);
INSERT INTO public.history_transaction_participants VALUES (9, 8589946880, 1);


--
-- Data for Name: history_transactions; Type: TABLE DATA; Schema: public; Owner: -
--

INSERT INTO public.history_transactions VALUES ('cebb875a00ff6e1383aef0fd251a76f22c1f9ab2a2dffcb077855736ade2659a', 3, 1, 'GCXKG6RN4ONIEPCMNFB732A436Z5PNDSRLGWK7GBLCMQLIFO4S7EYWVU', 8589934593, 100, 1, '2019-04-18 08:37:51.771036', '2019-04-18 08:37:51.771049', 12884905984, 'AAAAAK6jei3jmoI8TGlD/egc37PXtHKKzWV8wViZBaCu5L5MAAAAZAAAAAIAAAABAAAAAAAAAAAAAAABAAAAAAAAAAEAAAAAbmgm1V2dg5V1mq1elMcG1txjSYKZ9wEgoSBaeW8UiFoAAAAAAAAAAAL68IAAAAAAAAAAAa7kvkwAAABA9Pu9pjykcRS60lqOLqN8FHz244QP8baYNeTTJZIlr3SbRC13qEr9uP4ORDgyCB/gcug2GKrDMuK0ST3QOaKUBw==', 'AAAAAAAAAGQAAAAAAAAAAQAAAAAAAAABAAAAAAAAAAA=', 'AAAAAAAAAAEAAAAEAAAAAwAAAAIAAAAAAAAAAG5oJtVdnYOVdZqtXpTHBtbcY0mCmfcBIKEgWnlvFIhaAAAAADuaygAAAAACAAAAAAAAAAAAAAAAAAAAAAAAAAABAAAAAAAAAAAAAAAAAAAAAAAAAQAAAAMAAAAAAAAAAG5oJtVdnYOVdZqtXpTHBtbcY0mCmfcBIKEgWnlvFIhaAAAAAD6VuoAAAAACAAAAAAAAAAAAAAAAAAAAAAAAAAABAAAAAAAAAAAAAAAAAAAAAAAAAwAAAAMAAAAAAAAAAK6jei3jmoI8TGlD/egc37PXtHKKzWV8wViZBaCu5L5MAAAAADuayTgAAAACAAAAAgAAAAAAAAAAAAAAAAAAAAABAAAAAAAAAAAAAAAAAAAAAAAAAQAAAAMAAAAAAAAAAK6jei3jmoI8TGlD/egc37PXtHKKzWV8wViZBaCu5L5MAAAAADif2LgAAAACAAAAAgAAAAAAAAAAAAAAAAAAAAABAAAAAAAAAAAAAAAAAAAA', 'AAAAAgAAAAMAAAACAAAAAAAAAACuo3ot45qCPExpQ/3oHN+z17Ryis1lfMFYmQWgruS+TAAAAAA7msoAAAAAAgAAAAAAAAAAAAAAAAAAAAAAAAAAAQAAAAAAAAAAAAAAAAAAAAAAAAEAAAADAAAAAAAAAACuo3ot45qCPExpQ/3oHN+z17Ryis1lfMFYmQWgruS+TAAAAAA7msmcAAAAAgAAAAEAAAAAAAAAAAAAAAAAAAAAAQAAAAAAAAAAAAAAAAAAAA==', '{9Pu9pjykcRS60lqOLqN8FHz244QP8baYNeTTJZIlr3SbRC13qEr9uP4ORDgyCB/gcug2GKrDMuK0ST3QOaKUBw==}', 'none', NULL, NULL);
INSERT INTO public.history_transactions VALUES ('45b3dbce05efd82a906e0b7e9a4465fc5692542eecf861d86f6075410c639a3c', 3, 2, 'GCXKG6RN4ONIEPCMNFB732A436Z5PNDSRLGWK7GBLCMQLIFO4S7EYWVU', 8589934594, 100, 1, '2019-04-18 08:37:51.771263', '2019-04-18 08:37:51.771276', 12884910080, 'AAAAAK6jei3jmoI8TGlD/egc37PXtHKKzWV8wViZBaCu5L5MAAAAZAAAAAIAAAACAAAAAAAAAAAAAAABAAAAAAAAAAUAAAAAAAAAAQAAAAAAAAABAAAAAAAAAAAAAAAAAAAAAAAAAAAAAAAAAAAAAQAAAABuaCbVXZ2DlXWarV6UxwbW3GNJgpn3ASChIFp5bxSIWgAAAAEAAAAAAAAAAa7kvkwAAABAuZRjg6HzR6UTgJukik8hMJD4b/LsH74hhf3Wqv893Ft8sjEoZQFbxeKOakiO+IlqLjTiCCu15UsgR3wpPCkWDQ==', 'AAAAAAAAAGQAAAAAAAAAAQAAAAAAAAAFAAAAAAAAAAA=', 'AAAAAAAAAAEAAAACAAAAAwAAAAMAAAAAAAAAAK6jei3jmoI8TGlD/egc37PXtHKKzWV8wViZBaCu5L5MAAAAADif2LgAAAACAAAAAgAAAAAAAAAAAAAAAAAAAAABAAAAAAAAAAAAAAAAAAAAAAAAAQAAAAMAAAAAAAAAAK6jei3jmoI8TGlD/egc37PXtHKKzWV8wViZBaCu5L5MAAAAADif2LgAAAACAAAAAgAAAAEAAAAAAAAAAAAAAAABAAAAAAAAAQAAAABuaCbVXZ2DlXWarV6UxwbW3GNJgpn3ASChIFp5bxSIWgAAAAEAAAAAAAAAAA==', 'AAAAAgAAAAMAAAADAAAAAAAAAACuo3ot45qCPExpQ/3oHN+z17Ryis1lfMFYmQWgruS+TAAAAAA7msmcAAAAAgAAAAEAAAAAAAAAAAAAAAAAAAAAAQAAAAAAAAAAAAAAAAAAAAAAAAEAAAADAAAAAAAAAACuo3ot45qCPExpQ/3oHN+z17Ryis1lfMFYmQWgruS+TAAAAAA7msk4AAAAAgAAAAIAAAAAAAAAAAAAAAAAAAAAAQAAAAAAAAAAAAAAAAAAAA==', '{uZRjg6HzR6UTgJukik8hMJD4b/LsH74hhf3Wqv893Ft8sjEoZQFbxeKOakiO+IlqLjTiCCu15UsgR3wpPCkWDQ==}', 'none', NULL, NULL);
INSERT INTO public.history_transactions VALUES ('2374e99349b9ef7dba9a5db3339b78fda8f34777b1af33ba468ad5c0df946d4d', 2, 1, 'GBRPYHIL2CI3FNQ4BXLFMNDLFJUNPU2HY3ZMFSHONUCEOASW7QC7OX2H', 1, 100, 1, '2019-04-18 08:37:51.78999', '2019-04-18 08:37:51.790004', 8589938688, 'AAAAAGL8HQvQkbK2HA3WVjRrKmjX00fG8sLI7m0ERwJW/AX3AAAAZAAAAAAAAAABAAAAAAAAAAAAAAABAAAAAAAAAAAAAAAArqN6LeOagjxMaUP96Bzfs9e0corNZXzBWJkFoK7kvkwAAAAAO5rKAAAAAAAAAAABVvwF9wAAAECDzqvkQBQoNAJifPRXDoLhvtycT3lFPCQ51gkdsFHaBNWw05S/VhW0Xgkr0CBPE4NaFV2Kmcs3ZwLmib4TRrML', 'AAAAAAAAAGQAAAAAAAAAAQAAAAAAAAAAAAAAAAAAAAA=', 'AAAAAAAAAAEAAAACAAAAAAAAAAIAAAAAAAAAAK6jei3jmoI8TGlD/egc37PXtHKKzWV8wViZBaCu5L5MAAAAADuaygAAAAACAAAAAAAAAAAAAAAAAAAAAAAAAAABAAAAAAAAAAAAAAAAAAAAAAAAAQAAAAIAAAAAAAAAAGL8HQvQkbK2HA3WVjRrKmjX00fG8sLI7m0ERwJW/AX3DeC2s2vJNNQAAAAAAAAAAwAAAAAAAAAAAAAAAAAAAAABAAAAAAAAAAAAAAAAAAAA', 'AAAAAgAAAAMAAAABAAAAAAAAAABi/B0L0JGythwN1lY0aypo19NHxvLCyO5tBEcCVvwF9w3gtrOnZAAAAAAAAAAAAAAAAAAAAAAAAAAAAAAAAAAAAQAAAAAAAAAAAAAAAAAAAAAAAAEAAAACAAAAAAAAAABi/B0L0JGythwN1lY0aypo19NHxvLCyO5tBEcCVvwF9w3gtrOnY/+cAAAAAAAAAAEAAAAAAAAAAAAAAAAAAAAAAQAAAAAAAAAAAAAAAAAAAA==', '{g86r5EAUKDQCYnz0Vw6C4b7cnE95RTwkOdYJHbBR2gTVsNOUv1YVtF4JK9AgTxODWhVdipnLN2cC5om+E0azCw==}', 'none', NULL, NULL);
INSERT INTO public.history_transactions VALUES ('164a5064eba64f2cdbadb856bf3448485fc626247ada3ed39cddf0f6902133b6', 2, 2, 'GBRPYHIL2CI3FNQ4BXLFMNDLFJUNPU2HY3ZMFSHONUCEOASW7QC7OX2H', 2, 100, 1, '2019-04-18 08:37:51.790344', '2019-04-18 08:37:51.790357', 8589942784, 'AAAAAGL8HQvQkbK2HA3WVjRrKmjX00fG8sLI7m0ERwJW/AX3AAAAZAAAAAAAAAACAAAAAAAAAAAAAAABAAAAAAAAAAAAAAAAO2C/AO45YBD3tHVFO1R3A0MekP8JR6nN1A9eWidyItUAAAAAO5rKAAAAAAAAAAABVvwF9wAAAEASEZiZbeFwCsrKBnKIus/05VtJDBrgosuhLQ/U6XUj4twWyhs7UtS4CMexOM6JqcfqJK10WlBkkwn4g8PIfjIG', 'AAAAAAAAAGQAAAAAAAAAAQAAAAAAAAAAAAAAAAAAAAA=', 'AAAAAAAAAAEAAAACAAAAAAAAAAIAAAAAAAAAADtgvwDuOWAQ97R1RTtUdwNDHpD/CUepzdQPXlonciLVAAAAADuaygAAAAACAAAAAAAAAAAAAAAAAAAAAAAAAAABAAAAAAAAAAAAAAAAAAAAAAAAAQAAAAIAAAAAAAAAAGL8HQvQkbK2HA3WVjRrKmjX00fG8sLI7m0ERwJW/AX3DeC2szAuatQAAAAAAAAAAwAAAAAAAAAAAAAAAAAAAAABAAAAAAAAAAAAAAAAAAAA', 'AAAAAgAAAAMAAAACAAAAAAAAAABi/B0L0JGythwN1lY0aypo19NHxvLCyO5tBEcCVvwF9w3gtrOnY/+cAAAAAAAAAAEAAAAAAAAAAAAAAAAAAAAAAQAAAAAAAAAAAAAAAAAAAAAAAAEAAAACAAAAAAAAAABi/B0L0JGythwN1lY0aypo19NHxvLCyO5tBEcCVvwF9w3gtrOnY/84AAAAAAAAAAIAAAAAAAAAAAAAAAAAAAAAAQAAAAAAAAAAAAAAAAAAAA==', '{EhGYmW3hcArKygZyiLrP9OVbSQwa4KLLoS0P1Ol1I+LcFsobO1LUuAjHsTjOianH6iStdFpQZJMJ+IPDyH4yBg==}', 'none', NULL, NULL);
INSERT INTO public.history_transactions VALUES ('2b2e82dbabb024b27a0c3140ca71d8ac9bc71831f9f5a3bd69eca3d88fb0ec5c', 2, 3, 'GBRPYHIL2CI3FNQ4BXLFMNDLFJUNPU2HY3ZMFSHONUCEOASW7QC7OX2H', 3, 100, 1, '2019-04-18 08:37:51.79069', '2019-04-18 08:37:51.790705', 8589946880, 'AAAAAGL8HQvQkbK2HA3WVjRrKmjX00fG8sLI7m0ERwJW/AX3AAAAZAAAAAAAAAADAAAAAAAAAAAAAAABAAAAAAAAAAAAAAAAbmgm1V2dg5V1mq1elMcG1txjSYKZ9wEgoSBaeW8UiFoAAAAAO5rKAAAAAAAAAAABVvwF9wAAAEDJul1tLGLF4Vxwt0dDCVEf6tb5l4byMrGgCp+lVZMmxct54iNf2mxtjx6Md5ZJ4E4Dlcsf46EAhBGSUPsn8fYD', 'AAAAAAAAAGQAAAAAAAAAAQAAAAAAAAAAAAAAAAAAAAA=', 'AAAAAAAAAAEAAAACAAAAAAAAAAIAAAAAAAAAAG5oJtVdnYOVdZqtXpTHBtbcY0mCmfcBIKEgWnlvFIhaAAAAADuaygAAAAACAAAAAAAAAAAAAAAAAAAAAAAAAAABAAAAAAAAAAAAAAAAAAAAAAAAAQAAAAIAAAAAAAAAAGL8HQvQkbK2HA3WVjRrKmjX00fG8sLI7m0ERwJW/AX3DeC2svSToNQAAAAAAAAAAwAAAAAAAAAAAAAAAAAAAAABAAAAAAAAAAAAAAAAAAAA', 'AAAAAgAAAAMAAAACAAAAAAAAAABi/B0L0JGythwN1lY0aypo19NHxvLCyO5tBEcCVvwF9w3gtrOnY/84AAAAAAAAAAIAAAAAAAAAAAAAAAAAAAAAAQAAAAAAAAAAAAAAAAAAAAAAAAEAAAACAAAAAAAAAABi/B0L0JGythwN1lY0aypo19NHxvLCyO5tBEcCVvwF9w3gtrOnY/7UAAAAAAAAAAMAAAAAAAAAAAAAAAAAAAAAAQAAAAAAAAAAAAAAAAAAAA==', '{ybpdbSxixeFccLdHQwlRH+rW+ZeG8jKxoAqfpVWTJsXLeeIjX9psbY8ejHeWSeBOA5XLH+OhAIQRklD7J/H2Aw==}', 'none', NULL, NULL);


--
-- Name: history_accounts_id_seq; Type: SEQUENCE SET; Schema: public; Owner: -
--

SELECT pg_catalog.setval('public.history_accounts_id_seq', 4, true);


--
-- Name: history_assets_id_seq; Type: SEQUENCE SET; Schema: public; Owner: -
--

SELECT pg_catalog.setval('public.history_assets_id_seq', 1, false);


--
-- Name: history_operation_participants_id_seq; Type: SEQUENCE SET; Schema: public; Owner: -
--

SELECT pg_catalog.setval('public.history_operation_participants_id_seq', 9, true);


--
-- Name: history_transaction_participants_id_seq; Type: SEQUENCE SET; Schema: public; Owner: -
--

SELECT pg_catalog.setval('public.history_transaction_participants_id_seq', 9, true);


--
-- Name: asset_stats asset_stats_pkey; Type: CONSTRAINT; Schema: public; Owner: -
--

ALTER TABLE ONLY public.asset_stats
    ADD CONSTRAINT asset_stats_pkey PRIMARY KEY (id);


--
-- Name: gorp_migrations gorp_migrations_pkey; Type: CONSTRAINT; Schema: public; Owner: -
--

ALTER TABLE ONLY public.gorp_migrations
    ADD CONSTRAINT gorp_migrations_pkey PRIMARY KEY (id);


--
-- Name: history_assets history_assets_asset_code_asset_type_asset_issuer_key; Type: CONSTRAINT; Schema: public; Owner: -
--

ALTER TABLE ONLY public.history_assets
    ADD CONSTRAINT history_assets_asset_code_asset_type_asset_issuer_key UNIQUE (asset_code, asset_type, asset_issuer);


--
-- Name: history_assets history_assets_pkey; Type: CONSTRAINT; Schema: public; Owner: -
--

ALTER TABLE ONLY public.history_assets
    ADD CONSTRAINT history_assets_pkey PRIMARY KEY (id);


--
-- Name: history_operation_participants history_operation_participants_pkey; Type: CONSTRAINT; Schema: public; Owner: -
--

ALTER TABLE ONLY public.history_operation_participants
    ADD CONSTRAINT history_operation_participants_pkey PRIMARY KEY (id);


--
-- Name: history_transaction_participants history_transaction_participants_pkey; Type: CONSTRAINT; Schema: public; Owner: -
--

ALTER TABLE ONLY public.history_transaction_participants
    ADD CONSTRAINT history_transaction_participants_pkey PRIMARY KEY (id);


--
-- Name: asset_by_code; Type: INDEX; Schema: public; Owner: -
--

CREATE INDEX asset_by_code ON public.history_assets USING btree (asset_code);


--
-- Name: asset_by_issuer; Type: INDEX; Schema: public; Owner: -
--

CREATE INDEX asset_by_issuer ON public.history_assets USING btree (asset_issuer);


--
-- Name: by_account; Type: INDEX; Schema: public; Owner: -
--

CREATE INDEX by_account ON public.history_transactions USING btree (account, account_sequence);


--
-- Name: by_hash; Type: INDEX; Schema: public; Owner: -
--

CREATE INDEX by_hash ON public.history_transactions USING btree (transaction_hash);


--
-- Name: by_ledger; Type: INDEX; Schema: public; Owner: -
--

CREATE INDEX by_ledger ON public.history_transactions USING btree (ledger_sequence, application_order);


--
-- Name: hist_e_by_order; Type: INDEX; Schema: public; Owner: -
--

CREATE UNIQUE INDEX hist_e_by_order ON public.history_effects USING btree (history_operation_id, "order");


--
-- Name: hist_e_id; Type: INDEX; Schema: public; Owner: -
--

CREATE UNIQUE INDEX hist_e_id ON public.history_effects USING btree (history_account_id, history_operation_id, "order");


--
-- Name: hist_op_p_id; Type: INDEX; Schema: public; Owner: -
--

CREATE UNIQUE INDEX hist_op_p_id ON public.history_operation_participants USING btree (history_account_id, history_operation_id);


--
-- Name: hist_tx_p_id; Type: INDEX; Schema: public; Owner: -
--

CREATE UNIQUE INDEX hist_tx_p_id ON public.history_transaction_participants USING btree (history_account_id, history_transaction_id);


--
-- Name: hop_by_hoid; Type: INDEX; Schema: public; Owner: -
--

CREATE INDEX hop_by_hoid ON public.history_operation_participants USING btree (history_operation_id);


--
-- Name: hs_ledger_by_id; Type: INDEX; Schema: public; Owner: -
--

CREATE UNIQUE INDEX hs_ledger_by_id ON public.history_ledgers USING btree (id);


--
-- Name: hs_transaction_by_id; Type: INDEX; Schema: public; Owner: -
--

CREATE UNIQUE INDEX hs_transaction_by_id ON public.history_transactions USING btree (id);


--
-- Name: htp_by_htid; Type: INDEX; Schema: public; Owner: -
--

CREATE INDEX htp_by_htid ON public.history_transaction_participants USING btree (history_transaction_id);


--
-- Name: htrd_by_base_account; Type: INDEX; Schema: public; Owner: -
--

CREATE INDEX htrd_by_base_account ON public.history_trades USING btree (base_account_id);


--
-- Name: htrd_by_base_offer; Type: INDEX; Schema: public; Owner: -
--

CREATE INDEX htrd_by_base_offer ON public.history_trades USING btree (base_offer_id);


--
-- Name: htrd_by_counter_account; Type: INDEX; Schema: public; Owner: -
--

CREATE INDEX htrd_by_counter_account ON public.history_trades USING btree (counter_account_id);


--
-- Name: htrd_by_counter_offer; Type: INDEX; Schema: public; Owner: -
--

CREATE INDEX htrd_by_counter_offer ON public.history_trades USING btree (counter_offer_id);


--
-- Name: htrd_by_offer; Type: INDEX; Schema: public; Owner: -
--

CREATE INDEX htrd_by_offer ON public.history_trades USING btree (offer_id);


--
-- Name: htrd_counter_lookup; Type: INDEX; Schema: public; Owner: -
--

CREATE INDEX htrd_counter_lookup ON public.history_trades USING btree (counter_asset_id);


--
-- Name: htrd_pair_time_lookup; Type: INDEX; Schema: public; Owner: -
--

CREATE INDEX htrd_pair_time_lookup ON public.history_trades USING btree (base_asset_id, counter_asset_id, ledger_closed_at);


--
-- Name: htrd_pid; Type: INDEX; Schema: public; Owner: -
--

CREATE UNIQUE INDEX htrd_pid ON public.history_trades USING btree (history_operation_id, "order");


--
-- Name: htrd_time_lookup; Type: INDEX; Schema: public; Owner: -
--

CREATE INDEX htrd_time_lookup ON public.history_trades USING btree (ledger_closed_at);


--
-- Name: index_history_accounts_on_address; Type: INDEX; Schema: public; Owner: -
--

CREATE UNIQUE INDEX index_history_accounts_on_address ON public.history_accounts USING btree (address);


--
-- Name: index_history_accounts_on_id; Type: INDEX; Schema: public; Owner: -
--

CREATE UNIQUE INDEX index_history_accounts_on_id ON public.history_accounts USING btree (id);


--
-- Name: index_history_effects_on_type; Type: INDEX; Schema: public; Owner: -
--

CREATE INDEX index_history_effects_on_type ON public.history_effects USING btree (type);


--
-- Name: index_history_ledgers_on_closed_at; Type: INDEX; Schema: public; Owner: -
--

CREATE INDEX index_history_ledgers_on_closed_at ON public.history_ledgers USING btree (closed_at);


--
-- Name: index_history_ledgers_on_id; Type: INDEX; Schema: public; Owner: -
--

CREATE UNIQUE INDEX index_history_ledgers_on_id ON public.history_ledgers USING btree (id);


--
-- Name: index_history_ledgers_on_importer_version; Type: INDEX; Schema: public; Owner: -
--

CREATE INDEX index_history_ledgers_on_importer_version ON public.history_ledgers USING btree (importer_version);


--
-- Name: index_history_ledgers_on_ledger_hash; Type: INDEX; Schema: public; Owner: -
--

CREATE UNIQUE INDEX index_history_ledgers_on_ledger_hash ON public.history_ledgers USING btree (ledger_hash);


--
-- Name: index_history_ledgers_on_previous_ledger_hash; Type: INDEX; Schema: public; Owner: -
--

CREATE UNIQUE INDEX index_history_ledgers_on_previous_ledger_hash ON public.history_ledgers USING btree (previous_ledger_hash);


--
-- Name: index_history_ledgers_on_sequence; Type: INDEX; Schema: public; Owner: -
--

CREATE UNIQUE INDEX index_history_ledgers_on_sequence ON public.history_ledgers USING btree (sequence);


--
-- Name: index_history_operations_on_id; Type: INDEX; Schema: public; Owner: -
--

CREATE UNIQUE INDEX index_history_operations_on_id ON public.history_operations USING btree (id);


--
-- Name: index_history_operations_on_transaction_id; Type: INDEX; Schema: public; Owner: -
--

CREATE INDEX index_history_operations_on_transaction_id ON public.history_operations USING btree (transaction_id);


--
-- Name: index_history_operations_on_type; Type: INDEX; Schema: public; Owner: -
--

CREATE INDEX index_history_operations_on_type ON public.history_operations USING btree (type);


--
-- Name: index_history_transactions_on_id; Type: INDEX; Schema: public; Owner: -
--

CREATE UNIQUE INDEX index_history_transactions_on_id ON public.history_transactions USING btree (id);


--
-- Name: trade_effects_by_order_book; Type: INDEX; Schema: public; Owner: -
--

CREATE INDEX trade_effects_by_order_book ON public.history_effects USING btree (((details ->> 'sold_asset_type'::text)), ((details ->> 'sold_asset_code'::text)), ((details ->> 'sold_asset_issuer'::text)), ((details ->> 'bought_asset_type'::text)), ((details ->> 'bought_asset_code'::text)), ((details ->> 'bought_asset_issuer'::text))) WHERE (type = 33);


--
-- Name: asset_stats asset_stats_id_fkey; Type: FK CONSTRAINT; Schema: public; Owner: -
--

ALTER TABLE ONLY public.asset_stats
    ADD CONSTRAINT asset_stats_id_fkey FOREIGN KEY (id) REFERENCES public.history_assets(id) ON UPDATE RESTRICT ON DELETE CASCADE;


--
-- Name: history_trades history_trades_base_account_id_fkey; Type: FK CONSTRAINT; Schema: public; Owner: -
--

ALTER TABLE ONLY public.history_trades
    ADD CONSTRAINT history_trades_base_account_id_fkey FOREIGN KEY (base_account_id) REFERENCES public.history_accounts(id);


--
-- Name: history_trades history_trades_base_asset_id_fkey; Type: FK CONSTRAINT; Schema: public; Owner: -
--

ALTER TABLE ONLY public.history_trades
    ADD CONSTRAINT history_trades_base_asset_id_fkey FOREIGN KEY (base_asset_id) REFERENCES public.history_assets(id);


--
-- Name: history_trades history_trades_counter_account_id_fkey; Type: FK CONSTRAINT; Schema: public; Owner: -
--

ALTER TABLE ONLY public.history_trades
    ADD CONSTRAINT history_trades_counter_account_id_fkey FOREIGN KEY (counter_account_id) REFERENCES public.history_accounts(id);


--
-- Name: history_trades history_trades_counter_asset_id_fkey; Type: FK CONSTRAINT; Schema: public; Owner: -
--

ALTER TABLE ONLY public.history_trades
    ADD CONSTRAINT history_trades_counter_asset_id_fkey FOREIGN KEY (counter_asset_id) REFERENCES public.history_assets(id);


--
-- PostgreSQL database dump complete
--

